Unnamed: 0,sequence,label,predicted_probability
1,GFMDLIKKAGGWLKKKGPALIKAALQE,1,4.237311e-09
2,LFECALSCDIKKNGKPCKPKGEKKCSGGWRCKINFCLKI,1,1.0
3,FLPLLILGSLLMTPPVIQAIHDAQRG,1,0.9999672
4,TPFRYCNPRNCAKECQGRGKETTYCDEVCKCSGW,1,1.0
5,KRRPPGFTPFR,1,0.20107177
6,YECYSTGTFCGINGGLCCSNLCLFFVCLTFS,1,1.0
7,CTTGPCCRQCKLKPAGTTCWKTSRTSHYCTGKSCDCPVYQG,1,1.0
8,SNKKDYQKEIVDKHNALRRSVK,1,1.0
9,VGKNVICIHSGQCLIPCIDAGMRFGICKNGICDCTPKG,1,1.0
10,DEGCLPDDSSRT,1,0.9888442
11,VGCEECPAHCKGKNAIPTCDDGVCNCNV,1,1.0
12,GCIPVGSMCTISNGCCTKNCGWNFHCNKPNQ,1,1.0
13,TTINVKCSLPQQCLRPCKDRFGQHAGGKCINGKCKCYP,1,1.0
14,ESNFKIGMAIR,1,0.7067192
15,QARPPHPPIPPAP,1,0.99321884
16,ECLGFGKGCNPSNDQCCKSSNLVCSRKHRWCKYEI,1,1.0
17,GCTKFMGSCKTDADCCEHLECYKYKWCGWDGTF,1,1.0
18,ASGADTCCSNPACQVQHSDLC,1,1.0
19,MKLTYVLIVAMLVLVVCRADCFGRGGLCTWFDPSVCCSGICTFVDCW,1,0.9998031
20,KIKWFKTMKSIAKFIAKEQMKKHLKGE,1,0.99993265
21,MSDINATRLPVWIGCSPCVGDDCIALLTRGEG,1,1.0
22,SGCCKHPACGKNRC,1,0.99999905
23,GGCRYFLGGCSEHSDCCEHLRCKMGLNYCAWDGTF,1,1.0
24,AAPCSCPGKPGRGDLWIFRGTCPGGYGYTSNCYKWPNICCYPH,1,1.0
25,FWGALIKGAAKLIPSVVGLFKKKQ,1,1.647567e-08
26,SSTCIPSGQPCPYNENCCSQSCTFKENENGNTVKRCD,1,1.0
27,RCCPMPGCFAGPFCPCCPV,1,0.99999976
28,WFRSFKSYYGHHGSVYRPNEPNFRSFAS,1,0.00066085294
29,GCCSNPVCHLEHSNLCGGAAGG,1,1.0
30,KDGYLVGNDGCKYSCNTYPK,1,0.9999443
31,GVACRCDSDGPTVRGNSLSGTLWLTGGCPSGWHNCRGSGPFIGYCCKK,1,1.0
32,APALVVTATTNCCGYTGPACHPCLCTQTC,1,1.0
33,QNAHPSPKVPP,1,0.8405546
34,QMDMRCSASVECKQKCLKAIGSIFGKCMNKKCKC,1,1.0
35,IDCGTVMIPSECDPKSS,1,0.008008743
36,KCFEVGEFCGSPMLLGSLCCYPGWCFFVCVG,1,1.0
37,ALLSCKCEANSGYGDKWLFHGGCPNGYGYNERCFIKPGAVCCYPPSGR,1,1.0
38,APPGFTPFRID,1,0.9786906
39,GFGSLFKFLGKKLAKTVAKQAAKKQME,1,1.0
40,IRDECCSNPACRVNNPHVCRRR,1,1.0
41,ICCNPACGPKYSC,1,0.9999982
42,PRGSPRTEYEAARR,1,0.020087667
43,LNLKGLFKKVASLLT,1,0.9966696
44,LIGLVSKGTCVLVKTVCKKVLKQ,1,0.9977354
45,CCRLACGLGCHPCC,1,0.999997
46,TIINVKCTSPKQCVPACKAAMGTVRAKCINGKCKCYI,1,1.0
47,HLFQFREMIKEMTGKEPVVSYAFYGCYCGKGGRGKPDAT,1,0.99998534
48,GSTCLEPKVVGPCKA,1,0.74381876
49,SQCCYQICSPC,1,0.99447024
50,MSDINATRLPIWGIGCNPCVGDDVTTLLTRGEALC,1,1.0
51,MFKPRVILLITIIAVFSEFKKAFKGLFEKAANKYLH,1,1.5695699e-08
52,FLPLILRKIVTAL,1,0.8714258
53,MTRTAVLLLTLLFLVAMAASDKIKTRELCWSERECENGK,1,0.9999999
54,SLVELGKMILQETGKNPVTSYGAYGCNCGVLGRGKPKDAT,1,0.9999999
55,MISMLRCTFFFLSVILITSYFVTPTMSIKCNCKRHVIKPHICRKICGKNG,1,1.0
56,MTRTAVLLLTLLFLVAMAASDKIKTREVCWTEEECENWE,1,0.9999809
57,MLKFILALALFLHLTMEASAACKGKKCPPTGFVGMRG,1,5.2216652e-05
58,FLPMIAKLLGGLL,1,0.00082593644
59,SLFEFGKMILKETGKNPFTSYGFYGCYCGWGGRGGPKDATDRCCF,1,1.0
60,CKGKGAKCSRLMYDCCTGSCRSGKCG,1,1.0
61,ADDRNPLEECFRETDYEEFLEIARNGLKKT,1,1.0
62,LSFQQVKEKVCKVEAKIGKKLPFC,1,0.9987464
63,EGCCSNPPCRHTHPEVC,1,1.0
64,FLPIIGKLLSGLL,1,0.00012904932
65,MFKLLLVLALTMLAQSALAGGGSKSTDTVIRFG,1,1.693915e-07
66,IVGGNEVTPHAYPWQVGLFIDDMYFCGGSISVTLTGWGKP,1,9.2432043e-07
67,LFGFLIPLLPHIIGAIPQVIGAIR,1,0.9999999
68,CCSQDCLVCIPCCPN,1,0.9999981
69,INWKAIIEAAKQAL,1,0.82740265
70,MSAEALADPKADPLAGPNPDADPEAINLKAIAALAKKLLG,1,3.786843e-09
71,GCCSDPRCAWRC,1,0.99999094
72,SGSEVAKIGDGCFGLPLDRIGSASGMGCRSVPKPTPGGS,1,1.0
73,GCCSDPRCRYRCR,1,0.9999924
74,GTPCKCHGYIGVYWFMLAGCPDGYGYNLSCPYFLGICCVKK,1,1.0
75,SDGRDAAVIYTESDVIARGDCKPCMHPDCRFNPGRCRPRE,1,1.0
76,MSKLLVLFVVSAMALLQFSMVEATPQKFHVNGRYGK,1,2.8806056e-07
77,INWLKLGKKILGAI,1,0.9814851
78,TCLEIGEFCGKPMMVGSLCCSPGWCFFICVG,1,1.0
79,MHDLYMRGAIIPKRKRRCTPIDWHVDCPLVEDMSKNYPECCPRPNCK,1,0.99650466
80,PCCSKLHDNSCCGL,1,0.99986863
81,QTCCGYRMCVPC,1,0.9941453
82,WCKQSGEMCNLLDQNCCDGYCIVLVCT,1,1.0
83,TFINVKCTSPKQCLKPCKDLYGPHAGEKCMNGKCKCYKV,1,1.0
84,GWRDWLNKGKEWLKKKGPGMVKAALAAATQ,1,2.3016351e-08
85,MKKTFLPIFLVILLASYALGNPQITFSKDWRPGKK,1,3.1276755e-07
86,YCQKFLWTCDSERPCCEGLVCRLWCKIN,1,1.0
87,VRDAYIAKPENCVYHCAGNEGCNNLCTCNGAT,1,1.0
88,GICCGVSFCYPC,1,0.9974885
89,GWRDWLKKGKEWIKAKGPGIVKAALKAAVQ,1,1.5501221e-06
90,QAPWPDTISPP,1,0.886187
91,TNGVPGKCTKPGGCSTYCRDTTGTMGLCKNSKCYCNNKY,1,1.0
92,GHVPCGKDGRKCGYHADCCNCCLSGICKPSTSWTGCSTSTFLLTR,1,1.0
93,KKDGYPIQENGCKY,1,0.85227275
94,MSKLLLILALAVLAQCALVAGDKPKDNFIRLG,1,5.355337e-07
95,GWKDWLNKGKEWLKKKGPGIMKAALKAATQ,1,2.0709182e-07
96,DGCSSGGTFCGIHPGLCCSEFCFLWCITFID,1,1.0
97,MSDINATRLPVFSLPVFFPFVSDDIQAVLTRGESLC,1,1.0
98,INWKKIKSLIKAAMS,1,0.98929405
99,DVSFSLSGGGTASYEK,1,0.4827269
100,GVDKPGCRYMFGGCVQDDDCCPHLGCKRKGLYCAWDGT,1,1.0
101,SCQKWMWTCDQKRPCCEDMVCKLWCKIIK,1,1.0
102,TIINVKCTSPKQCLKPCKDLYGPHAGAKCMNGKCKCYNN,1,1.0
103,CGDINAACKEDCDCCGYTTACDCYWSKSCKCREAAIVIYTAPKKKLTC,1,1.0
104,CCEWPCSHGCIPCCY,1,0.9999988
105,AAAISCVGSPECPPKCRAQGCKNGKCMNRKCECYYC,1,1.0
106,DDCLGMFSSCDPNNDKCCPNRKCSRKDQWCKYQLW,1,1.0
107,FIGAALGALTAIPSIIKLFK,1,4.8194383e-06
108,VDWKKIGQHILSVL,1,0.5952847
109,MNFGMLKLLTVLIICYSNNFMRTRGGNGK,1,0.99839395
110,ACLDIGNSCRED,1,0.996838
111,VTSITLNLANPTAGQYSSFVDKIRNNVRDP,1,1.3559983e-05
112,GDCHKFLGWCRGEPDPCCEHLSCSRKHGWCVWDWTV,1,1.0
113,GICSEPIVVGPCKAG,1,0.59656113
114,QKCCSGGSCPLYFRDRLICPCC,1,0.9999999
115,LKLMGIVKKVLGAL,1,0.9804928
116,MKTIELITIFAMITTLMVTVVAGDPIDPKVLESLVGK,1,0.00016964691
117,INWLKLGKKMMSAL,1,0.9989477
118,NVYQYRKMLQCAMPNGGPFECCQTHDNCYGEAEKLKACTSTHSSPYFK,1,1.0
119,CGGAGAKCSTKSDCCSGLWCSGSGHCYHRRYT,1,1.0
120,GCCSYPPCFATNSGYC,1,1.0
121,CKSPGTPCSRGMRDCCTSCLSYSNKCRRY,1,1.0
122,DLPSGWSSYEGH,1,0.008336649
123,VIGGDECNINEHPFLA,1,0.99999976
124,MSDINATRLPAWLTDCPCVGDDVNRLLTRGESLC,1,0.9999999
125,IKIMDILAKLGKVLAHV,1,0.9933861
126,YKQCHKKGGHCFPKEKICIPPSSDLGKMDCRWKWKCCKKGSG,1,1.0
127,ARDGYIVDEKGCKFACFIN,1,0.9996226
128,KIPNILKGGLKSICKHRKYLDKACAAI,1,0.9824944
129,INWKKIASIGKEVLKAL,1,0.75590116
130,RIRKPIFAFPRF,1,0.011653297
131,GWKDWLKKGKEWLKAKGPGIVKAALQAATQ,1,3.1792474e-08
132,GASCRCDSDGPTSRGDTLTGTLWLIGRCPSGWHNCRGSGPFIGYCCKQ,1,1.0
133,DECCSNPACRLNNPHDCRRR,1,1.0
134,PAWLVDCPCVGDDVNRLLARGEK,1,0.999951
135,GCIKTGSFCTLSKGCCTKNCGWNFHCNPPNQ,1,1.0
136,IVGGDECNINEHRFLVALYDPDGFFC,1,1.0
137,FLWGALIKGAGKLISRVVGSLKKKKQ,1,0.0005084465
138,GYEEREIAETVRELEEA,1,0.9996784
139,IVPFLGPLLGLLT,1,0.0006379089
140,GCCSDKRCAWRC,1,0.99998057
141,DCCPAKLLCCNP,1,0.9999546
142,MSDINATRLPIFWFIYFPCVSDVDSTLTRGER,1,0.99971014
143,NLYQFGNMIQCTIPKRLSWSSFVDYGCYCGKGGSGTPV,1,1.0
144,DECFSPGTFCGFKPGLCCSARCFSLFCISLEF,1,1.0
145,FVKELWDKVKKMGSAAWSAAKGAFA,1,0.35585046
146,GCCCNPACGPNYGCGTSCS,1,1.0
147,AFCNLRRCELSCRSLGLLGKCIGEECKCVPH,1,1.0
148,DVQDCQVSTPGSKWGRCCLNRVCGPMCCPASHCYCVYHRGRGHGCSC,1,1.0
149,DYCCRRPPCTLIC,1,0.99992216
150,ECKGFGKSCVPGKNECCSGLTCSNKHKWCKVLL,1,1.0
151,FLPILGKILGGLL,1,0.00015795021
152,GWKDWLNKAKDFIKEKGPEILRAAANAAIN,1,4.1067413e-08
153,SGSKTAEIGDGCFGVPIDHIGSTSGMGCGRPRPKPTPGGS,1,1.0
154,DSSNLPPNQKQIVD,1,0.92582583
155,IWGIGCNPCVGDEVTALITRGEA,1,0.80525887
156,KGCLPRNRFCNALSGPRCCSGLRCKELSIWASKCL,1,0.9999927
157,DVCDSLVGGRCIHNGCWCERSAPHGNCCNTSGCTARWWCPGTKFD,1,1.0
158,GCCSHPPCNVNNPHICG,1,1.0
159,DCLGFMKPCDINNDKCCSSYVCGRNNHWCKFHL,1,1.0
160,MSKLLVLLMTTALATLAQAISFDCSDKPPECQNDPGCCFDIGITTF,1,0.99699056
161,INWKKIFEKVKNLV,1,0.9973241
162,IDCSKVNLTAECSS,1,0.9999925
163,MSDINATRLPIWGIGCNPSVGDEVTALLTSGEA,1,0.9999366
164,FLGALLKIGAKLLPSVVGLFKKKQQ,1,2.9715412e-07
165,CCGVPNAACHPCVCTGKC,1,0.9999999
166,SNGRNAAAGDKPSYWITLAITDCCANPVCNGKHCQGRR,1,1.0
167,QSAPGNEAIPP,1,0.87484473
168,QLGPPPRPQIPP,1,0.5616234
169,GCCSPWNCIQLRACGCC,1,0.9999982
170,MCKYFIKIVSKSAKK,1,0.016765742
171,MSDINAARLPSFFFPVPCISDDIEMVLTRGESLC,1,1.0
172,KCRECGNTSPSCYFSGNCVNGKCVCPA,1,1.0
173,INWKKMAATALKMI,1,0.5752699
174,LKLLGIVKKVLGAI,1,0.99810505
175,DSCCIEQHCCD,1,0.99999094
176,CYDSGTSCNTGNQCCSGWCIFVCL,1,1.0
177,MSKLVQAISDAVQAGQNQDWAKLGTSIVGIVENGVGILGKLFGF,1,1.0
178,GCLEVDYFCGIPFANNGLCCSGNCVFVCTPQ,1,1.0
179,IKITTMLAKLGKVLAHV,1,0.9986927
180,KRKCGLCKYRCCSGG,1,0.96319246
181,STVCIPSGQPCPYSKYCCSGSCTYKENENGNTVQRCD,1,1.0
182,ASDGRNAAADDKASDPIALTVRGGCCSHPVCYTKNPNCGGRR,1,1.0
183,ECKYLWGTCSKDEDCCAHLGCNRKHDWCGWDYTF,1,1.0
184,GWKDWAKKAGGWLKKKGPGMAKAALKAAMQ,1,8.517049e-09
185,DCCWPGRPDCCAP,1,0.99999917
186,MAQDIISTISDLVKWIIDTVNKFTKK,1,0.9946976
187,KECKPDGEQCGITDHNDYCNACVCPDGPFMRPWNMMLQRCSCGPKP,1,1.0
188,SVAVAGAVIEGASLTFNVLQ,1,1.0
189,QRCCNGRRGCSSRWCRDHSRCC,1,0.9999999
190,TRSGGACNSHDQCCINFCRKATSTCM,1,0.9999999
191,LSKKQCGADGQFCFLPGLGLNCCSGLCLIVCVPT,1,1.0
192,NGVCCGYKLCHPCAG,1,0.99990535
193,DGIVGKASSYAAL,1,0.0019649642
194,MSKYIVLLVVSAIALLQFSMIECNTEDLGTIKQPLRFGK,1,1.5448121e-07
195,QGWAWPRPQIPP,1,0.6605295
196,CDLAMGNCICK,1,0.99169403
197,FFECTFECDIKKEGKPCKPKGCKCKDKDNKDHKKCSGGWRCKLKLCLKF,1,1.0
198,QFSDCSKDEYQRYLT,1,0.9999479
199,LTCYKGYRDTV,1,0.037791852
200,GASCDCHPFKGTYWFGTSNCPSGHGYRKKCDSFF,1,0.95214975
201,AACYSSDCRVKCVAMGFSSGKCINSKCKCYK,1,1.0
202,DMCCHPACMNHFNC,1,0.9999988
203,CCTPFYFCCNN,1,0.99845326
204,GVPCLCDSDGPSVRGNTLSGIIWLAGCPSGWHNCKKHGPTIGWCCKQ,1,1.0
205,GIWGTALKWGVKLLPKLVGMAQTKKQ,1,1.09267285e-05
206,APQERGPPEIPP,1,0.9804673
207,GLCCPMRWSSSEG,1,0.88966364
208,NTFSDENPGFPCDCTSADAKRACGIQCACWPRGDTPGGGRRIIDGQQ,1,1.0
209,RCCTGKKGSCSGRACKNLKCCA,1,0.9999298
210,IDPLTILKILKGGLKSICKHRKYLDKACASIGQ,1,1.0
211,EACYNAGTFCGIKPGLCCSAICLSFVCISFDF,1,1.0
212,AGTKEWLNKAKDFIKEKGLGMLSAAANAALN,1,0.27360445
213,MFDTNSTRLPIWGIGCNPWTAEHVDQTLVSGNDIC,1,0.9998572
214,GFCCPSGWSSYDR,1,0.08366733
215,TAIGNCNPFTCDKECKTKGNKRGYCENYNCECSKW,1,1.0
216,DCASGPCCRDCKFLEEFTICNMARGDDMNDYCNGKTCDCPRNPHKWPA,1,1.0
217,ACRKKWEYCIVPIIGFIYCCPGLICGPFVCV,1,0.9999999
218,KSCCKNTLGRNCYNTCRFMKKPRKTCSGLCGCKIS,1,1.0
219,EKSCITWRNSCVHND,1,0.9997454
220,CRPSGSPCGVTSICCGRCYRGKCT,1,0.99999905
221,QGRPLGPPIPP,1,0.39154696
222,INWKKLGKALNALL,1,0.9886125
223,GCCGKYPNAACHPCGCTVGRPPYCDRPSGG,1,1.0
224,LEDPYKSDSNSRYIEVVVVNDNSMFRKYNR,1,0.005879887
225,NVACVHRTCDSNCKRNGYKSGKCINRKCNCYPH,1,1.0
226,KSCCPSTTARNIYNTCRLTGASRSVCASLSGCKIISGSTCDSGWNH,1,1.0
227,TICTGADRPCAACCPCCPGTSCQGPEPNGVSYCRND,1,1.0
228,GLKDWWNKHKDKIIAVAKEMGKAGLQAA,1,0.9999957
229,NCCPIDEESCCS,1,0.9999907
230,FLPIIAKLVSGLL,1,0.0005662792
231,IACAPRFSLCNSDKECCKGLRCQSRIANMWPTFCSQ,1,1.0
232,TIINVKCTSPKQCLPPCKEIYGRHAGAKCMNGKCHCSKI,1,1.0
233,DCRWFLGGCSKDSDCCKHLACRIDGYIKYCAWDGTF,1,1.0
234,MKKTFLPIFLVILLASYALANPQVTFSRDWGPGKK,1,1.1476935e-08
235,MPKSLLLVLALALLAQTALANGPQGSSDRNWIRLG,1,3.2215738e-08
236,TVCVYRTCDKDCKRRGYRSGKCINNACKCYPY,1,0.9999999
237,QGGWPRNPIPP,1,0.79871196
238,VCCGYPLCHPC,1,0.99986553
239,MRLFLIFTFIVASLASVYGCIPAANPCRGNAKCCGNYVCKNGRCLPRS,1,0.12226281
240,MSDINTTRLPFVFVASPPCVGDDIAMVLTRGENLC,1,1.0
241,CCSQDCRVCIPCCPY,1,0.99994326
242,MKVTCVLVLTLMALTVCQVATAYCINVGMCIYDGYCCSNRCWGGMCSPWR,1,0.99672204
243,DEEPKETCSDEMCVIYCKGEEYSTGVCDGPQKCKCSD,1,1.0
244,ECRWFWGGCNNDADCCKHLECKRKWPHICLWDGTFT,1,1.0
245,RCLHAGAACSGPIQKIPCCGTCSRRKCT,1,0.9999999
246,QGPSPRHPIPP,1,0.9457656
247,ECRYWLGGCSKTGDCCEHLSCSPKWHWCVWDGTF,1,1.0
248,RGCCNGRGGCSSRWCRDHARCC,1,1.0
249,DDCAGWMESCSSKPCCAGRKCFSEWYCKLVVDQN,1,1.0
250,GIWGTLAKIGIKAVPRVISMLKKKKQ,1,3.576015e-05
251,MSDINATRLPVWIGYSPCVGDDAVALLNRGEG,1,1.0
252,YCCHPACGPNFSC,1,0.9999982
253,INVLGILGLLGKALSHL,1,0.9998964
254,ECADVYKEVWYPEKPCCKDRACQCSLGMNCKCKATLGDIF,1,1.0
255,LNLKGLIKKVASLLN,1,0.9980743
256,SAEVAGAVIEGAKLTFNVLQ,1,1.0
257,DQGTACTGEHAHSFCLNGGTCRHIQQLGE,1,0.9999994
258,GFGSLFKFLAKKVAKTVAKQAAKQGAKYIANKQTE,1,1.0
259,RDCGKMCEEETWKG,1,0.020619545
260,YCQKWMWTCDEERKCCEGLVCRLWCKKKIEW,1,1.0
261,LICFICFSPTAH,1,0.45510483
262,DDDCEPPGNFCGMIKIGPPCCSGWCFFACA,1,1.0
263,SKITDILAKLGKVLAHV,1,0.9997814
264,DRDSCVDKSQCGKYGYYGQCDECCKKAGERVGTCVYYKCKCNP,1,1.0
265,ITFQGCSPARQTVITNAITRARADVRAAVSALPTKAPVSTFSTWFGVYND,1,1.5417112e-09
266,FIGTALGIASAIPAIVKLFK,1,1.8920424e-06
267,TPEHQRYVELFIVVDHGM,1,0.00046941347
268,MSDINATRLPGMEPPSPMPCVGDADNFTLTRG,1,1.0
269,CKGKGAKCRKTSYDCCTGSCRSGKC,1,1.0
270,SVAVAGAVIKGAALTFNILQ,1,1.0
271,AGCKYLFGSCKEDSDCCKHLGCRRKAPQYCGWDGTF,1,1.0
272,TFINHKCKSSSECLPACKAAIGRASGKCINSTCKCYY,1,1.0
273,LFHYCQCQCPPGFKGKFCQFKLRPP,1,0.0039171414
274,MQKLAEAIAAAVQAGQDKDWGKMGTSIVGIVENGISVLGKIFGF,1,1.0
275,LRPGAQCADGLCCDQCRAGEECDCGSPANCCDAATCK,1,1.0
276,ATDCIEAGNYCGPTVMKICCGFCSPYSKICMNYPKN,1,1.0
277,MSDINATRLPIWGIGCDPCVGDDVAALTTRGEA,1,1.0
278,LNFKALAALAKKIL,1,0.00877309
279,RDCCTPPRKCKDRRCKPMKCCA,1,1.0
280,GCRQCGGGCNKHGKCINGKCKCY,1,1.4834836e-06
281,SIKEKICKIIEAKIGKKPPFCP,1,3.6724584e-06
282,KGGYPVDSKGCKISCVINNEYCSRDCTSGYCYFLRWGLACWCDGVPPQR,1,1.0
283,KDCKRESNTFPGICITKPPCRKACIREKFTDGHCSKILRRCLCTKPC,0,1.9339847e-18
284,MLQFLLGFTLGNVVGMYLAQNYDIPNLAKKLEEIKKDLDAKKKPPSA,0,8.456186e-13
285,MKKAVIVENKGCATCSIGAACLVDGPIPDFEIAGATGLFGLWG,0,0.00021986698
286,MEEQPECREEKRGSLHVWKSELVEVEDDVYLRHSSSLTYRL,0,3.9801996e-08
287,YLYQWLGAPAPYPDPLEPKREVCELNPDCDELADHIGFQEAYRRFYGPV,0,2.1982475e-19
288,MLELLKSLVFAVIMVPVVMAIILGLIYGLGEVFNIFSGVGKKDQPGQNH,0,9.894253e-15
289,MVSSAQLDFNLQALLGQLSQDDLCKFKSLIRTVSLGNELQKIPQT,0,3.1394082e-17
290,MAEKAGSTFSHLLVPILLLIGWIVGCIIMIYVVFS,0,4.5751577e-07
291,MENNSRTMPHIRRTTHIMKFAHRNSFDFHFFNAR,0,1.1837138e-12
292,MATKHGKNSWKTLYLKISFLGCKVVVLLKR,0,7.403401e-05
293,MLLPATMSDKPDMAEIEKFDKSKLKKTETQEKNPLPSKETIEQEKQAGES,0,5.5652762e-08
294,MWYFAWILGTLLACSFGVITALALEHVESGKAGQEDI,0,2.9836512e-14
295,SGSDGGVCPKILKKCRRDSDCPGACICRGNGYCG,0,0.0013158339
296,MKFFSVVTVFVLGLLAVANAVPLSPDPGNVIINGDCRVCNVHGGK,0,2.0387728e-13
297,MRNDVLTLTNPMEEKELEQILGGGNGVLKTISHECNMNTWQFLFTCC,0,7.3779524e-13
298,LNRDDDSDLHSPRYSFSEDTKCDDGWFVGTSRRTK,0,0.010544194
299,NLYQFSNMIQCTIPGSDPLSDYGNYGCYCGYGGSGTPVDELLRCCQVHDD,0,1.0
300,MKSKWMSGLLLVAVGFSFTQVMVHAGETANTEGKTFHIAARNQT,0,8.676607e-07
301,AGTAPADLTVAQLESLKEVCEANLACEHMMDVSGIIAAYTAYYGPIPY,0,2.3854432e-22
302,MDWRVLVVLLPVLLAAGWAVRNILPYAVKQVQKLLQKAKAA,0,2.2917986e-10
303,MKPRLCFNFRRRSISPCYISISYLLVAKLFKLFKIH,0,1.992378e-08
304,MSGKSWVLISTTSPQSLEDEILGRLLKILFVLFVDLMSIMYVVITS,0,4.994972e-13
305,MVITSGNDEDRGGQEKESKEESVLAMLGIIGTILNLIVIIFVYIYTTL,0,5.8060894e-15
306,MRTLLVFLLLAIFVAVLIGNVQVEAACKEYWECGAFLFCIEGICVPMIG,0,0.0008299458
307,MLDPTGTYRRPRDTQDSRQKRRQDCLDPTGQY,0,1.5462227e-09
308,VDSEDLIEAFKIYVEDDNEHLQGSVD,0,2.8732168e-06
309,FLGTINLSLCEQERDADEEERRDEPNESNVEVEKRFLSGIVGMLGKLFGK,0,0.0030934778
310,ADPGPLQDFCLADLNSPLFINGYPCRNPALAISDDF,0,0.98933524
311,MPQLIPFFFLNQLFYGYLALFALLVLVSWVILPYLLQLQIVRLLITKL,0,1.2950918e-18
312,GIKEMLCNMACAQTVCKKSGGPLCDTCQAACKALG,0,1.0
313,MALRSIKSIAGSCLCSRQRRCGSSAAIFPEGIFRCLSPKFGQEFPE,0,4.467812e-11
314,MAKRGFNCLLLSISEIDLPVKRLESPNKTRRPYGASIY,0,8.571758e-09
315,QAVLSETGGGDTASCDEYLYQELAYVK,0,0.038888264
316,MTSQPSKKTYNAPSLVQRGKFARTTAGSQLVYREWVGHSNVIKPGP,0,2.3815347e-10
317,YVISAIPPTLTSKIHFRPELPSERNQLIQRLPMGAIIKCMMYYKEA,0,9.312443e-08
318,MARYRCCRSHSRSRCRPRRRRCRRRRRRCCPRRRRAVCCRRYTVIRCRRC,0,2.7727585e-14
319,SYSMEHFRWGKPVGKKRRPVKVYPNGAENESAEAFPVEV,0,4.9590002e-11
320,MTDDKAGPSGLSLKEAEEIHSYLIDGTRVFGAMALVAHILSAIATPWLG,0,4.07899e-15
321,MKQHKAMIVALIVICITAVVAALVTRKDLCEVHIRTGQTEVAVFTAYESE,0,7.5979954e-17
322,QKKCPGRCTLKCGKHERPTLPYNCGKYICCVPVKVK,0,5.8999056e-08
323,MSAEDLFTIQILCDQIELKLASIVINSNIKLQLKRKKKTQQL,0,5.5193815e-14
324,MGLSDCLIYRLVVRCFLDYSICAPFYFYHKFMLSASEPVF,0,1.32277e-11
325,MVRLLAKLLRSTIHGSNGVSLDAVSSTHGTPGFQTPDARVISRFGFN,0,7.352833e-17
326,ELRLPEIARPVPEVLPARLPLPALPRNKMAKNQ,0,4.0072914e-06
327,MPRSPSKSSPKKGSPRKASPKRGGKGAKRAGKGGRRRTVVK,0,2.0930845e-13
328,ADDYDDEVLPDARGHRPIDRKREELPSLRPAPPPISGGGYR,0,1.1058447e-10
329,MTLPGGVILVFILVGLACIAIIATIIYRKWQARQRGLQRF,0,3.552253e-11
330,MDSIATNTHSSSIVNAYNNNPTDVVKTQNIKNYTPKVPYMCVIA,0,7.805615e-16
331,DSHEERHHGRHGHHKYGRKFHEKHHSHRGYRSNYLYDN,0,0.000563857
332,MQPITTASTQATQKDKSSEKKDNYIIKGLFWDPACVIA,0,7.128294e-10
333,KASYIHLRGSDLRPQFHQFTAVPHPNVKPMAYANALLQLGVM,0,9.57908e-13
334,LTNKTARFLVNGTSIPEVDFDVGE,0,1.4885173e-07
335,MTTKNRQIQNFTLNFGPQHPAAHGVLRLVLEMNGEVVERAEPHIGLL,0,7.769051e-15
336,ARRRHSMKKKRKSVRRRKTRKNQRKRKNSLGRSFKQHGFLKQPPRFRP,0,3.0961526e-17
337,KDRPKKPGLCPPRPQKPCVKECKNDDSCPGQQKCCNYGCKDECRDPIFVG,0,0.0028334213
338,ENFFKEIERAGQRIRDAIISAAPAVETLAQAQKIIKGGD,0,3.1058487e-06
339,EADEPLWLYKGDNIERAPTTADHPILPSIIDDVKLDPNRRYA,0,0.00035635757
340,DKLIGSCVWGATNYTSDCNAECKRRGYKGGHCGSFWNVNCWCEE,0,1.9784355e-11
341,YDLSKNCRLRGGICYIGKCPRRFFRSGSCSRGNVCCLRFG,0,2.9719442e-11
342,DAEFRHESGYEVHHQKLVFFAEDVGSNKGAIIGLMVGGVV,0,8.098431e-06
343,MAERSLSGLTEEEAIAVHDQFKTTFSAFIILAAVAHVLVWVWKPWF,0,2.8678994e-14
344,KKDLTEVTHKVYFDVEIDGKPAGRIVMGLF,0,0.0015951002
345,MAGLLRFLLSKGRALYNWAKSHVGKVWEWLKSGATYEQIKEWIENALGWR,0,0.84568244
346,ESGNSCYIYHGVSGICKASCAEDEKAMAGMGVCEGHLCCYKTPW,0,2.3274725e-13
347,MKAIMVLFYVMMLTIIASVSMVNGSPGKDDYVNPKEQLGYDILEKLRQKP,0,0.0011803241
348,MNPKALCSFLLATFLLLTVTIMPSVHANAEANADAIIGPCPKKPIGIVC,0,1.4155502e-06
349,MKIVKLITIFAMIATLMVTVTNGEAVFLTPDQIKAMIKRHG,0,0.9453397
350,AEAMAEAMADAMADAMADAMADAMAEAAADPPPGFIGVRG,0,5.8579004e-16
351,MEPNQHVEAETELVTETLVEEVSIDGMCGVY,0,1.6189461e-11
352,MDLSCSCATGGSCTCASSCKCKEYKCTSCKKNCCSCCPMGCAKCAQGCT,0,1.2668179e-21
353,MTNSSSPLQAVEVRTYPIFTVRWLAVHALAIPTVFFLGAIAAMQFIRR,0,3.8197423e-12
354,FLPAVIRVAANVLPTVFCAISKKC,0,1.6711633e-10
355,QSISCAESCVWIPCATSLIGCSCVNSRCIYSK,0,1.0295831e-07
356,DQDEGVSTEPTQVGPAELHNDETCVGPLVYRN,0,0.00035478474
357,GDDVKSACCDTCLCTKSNPPTCRCVDVGET,0,0.99999905
358,ANKCIIDCMKVKTTCGDECKGAGFKTGGCALPPDIMKCCHNC,0,1.0
359,MVMAVYRCAKCGKEVELDLENTREVRCPYCGSKILYKPRPRVARRVKAI,0,1.7048633e-16
360,FWGAVWKILSKVLPHIPGTVKWLQEKV,0,2.9773117e-05
361,SVELDSDGEPIRNGGGLYYILPVVQGKGGGLEFAKTGSQS,0,1.1642441e-07
362,QQQQCRQGQQTHQRQRVCQARRPAIQRCCQQLRNIQVQCR,0,9.1911616e-08
363,GDLPICGETCFEGGNCRIPGCTCVWPFCSKN,0,3.7963946e-10
364,TELSGAPLDLYQYRGQVLLIPQFTGLLYQKSQQEGDVVDGLPSHQFHQY,0,2.065568e-14
365,GPKTKAACKMACKLATCGKKPGGWKCKLCELGCDAV,0,1.0
366,TITPSLKGFFIGLLSGAVVLGLTFAVLIAISQIDKVQRSL,0,4.7093e-12
367,MRTYNRSLPARAGLTDLGKVTTHTKGPTPMVGLDSVSGQYWDQHAPLAD,0,1.11529175e-14
368,MTVYESLMIMINFGGLILNTVLLIFNIMMIVTSSQKKK,0,4.8678166e-11
369,MKVHRMPKGVVLVGKAWEIRAKLKEYGRTFQYVKDWISKP,0,3.118613e-11
370,LNLVDQLGEADEELAGTYAELGDWCAQRILQHVQR,0,7.112459e-05
371,MKRFLIGAGVAAVILSGWFIADHQTHSQEMKVAEKMIG,0,1.0232021e-09
372,MKALYMVFVLWVLIGCFLRCKERMGSEEKQAQEDPGDQDL,0,5.8014986e-05
373,MLPSKRVPFLFTIILFLAGLGQHTTESVLPDCVLYPRCLITKDPCCM,0,1.0
374,MANEGDVYKCELCGQVVKVLEEGGGTLVCCGEDMVKQ,0,1.8950763e-08
375,QQHADPICNKPCKTHDDCSGAWFCQACWNSARTCGPYVG,0,0.9999598
376,YAEGTFISDYSIAMDKIRQQDFVNWLLAQKGKKSDWKHNITQ,0,2.9151635e-14
377,YADAIFTNSYRKVLGQLSARKLLQDIMSRQQGERNQEQGARVRL,0,3.934544e-11
378,MAPPQHLCGSHLVDALYLVCGDRGFFYNSGIVEQCCHRPCDKFDLQSYCN,0,2.2234912e-25
379,TTCCPSIVARSNFNVCRLPGTPEALCATYTGCIIIPGATCPGDYAN,0,1.0
380,TESPIPVPAPAPAAKPKPKRVSKRPASHPPYSDMIAAA,0,1.4466147e-08
381,GEWEIIDIGPFTQNLGKFAVDEENKIGQYGRLTFNKVIRPCMKKTIYEEN,0,0.0027652949
382,MKLIAAYLLAYLGGNSSPSAADVKDILNAVGAEANEEKLEFL,0,3.1048963e-15
383,MSPQTETKAKVGFQAGVKDYKLTYYT,0,5.2794676e-06
384,QLGPQVPAHLRTDLSKKQGPWAEEEAAYGWMDF,0,1.9272512e-09
385,MGLRPDGIIGHSLGEVARAYYNGRISQEEAILSAY,0,7.2347807e-06
386,MKNLRNRSFLTLLDFSRQEVEFLLTLSEDL,0,6.521282e-14
387,MLAEGEPAIVQIGWAATCVMFSFSLSLVVWGRSGL,0,2.2285162e-12
388,YVSCLFRGARCRVYSGRSCCFGYYCRRDFPGSIFGTCSRRNF,0,0.99995995
389,GLFSVLGSVAKHLLPHVVPVIAEKL,0,3.0797842e-10
390,GLFIIDDKQITMNDLPVGRSVDETLRLVQAFQYTDK,0,7.40257e-11
391,LSLGTIKKLLQILAQGLKAICNHRDLIAKGCQA,0,0.17761211
392,LFGGLLDKLREKIKKYCNKENLDKACSKL,0,0.9998882
393,MAQPTASAQKLVRPIRAVCRILQIPESDPSNLRP,0,1.394772e-08
394,GKLTDSQEDYIRHVWDDVNRKLITAKALERVNLVAEALSSNYH,0,1.4581989e-13
395,IECEVCMKPGDRCNGSMMT,0,0.99975795
396,APERGLFLNLSAGELCVGSFQCKSSCCQRETGLSLARCA,0,0.0008846611
397,TVVSQVILKADDELRYPSSGELKSITEFLQTGEQRVRIAQ,0,1.0099527e-14
398,AKAKRSPRKKKAAVKKSSKSKAKKPKSPKKKKAAKKPAKKAAKKK,0,6.925256e-11
399,MPQRTFLMMLIVVCVTILCFVWMVRDSLCGFRIEQGNTVLVATLAYEVKR,0,2.69567e-13
400,ALTGRRPSVVYLHAAQCTGCSEALLRTTKPFR,0,0.0021288898
401,MTQGAKKAPVIWVQGEGCTGCSVSLLNAVCPR,0,7.5381267e-06
402,MKKRLTITLSESVLENLEKMAREMGLSKSAMISVALENYKKGQEK,0,1.5091085e-13
403,QPSYDYDEEEDDRAKLRLDAR,0,1.1028096e-05
404,DSSEEKFLRRLRRFDEGRYGPYQPFVPPPLYPQPYQPYQPQY,0,3.200818e-11
405,KPDCPLICTMQYDPVCGSDGITYGNACMLLGASCRSDTPIELVHKGRC,0,0.6396132
406,MARAKQTARKSTGAEAPRKQLASKAARKSAPATGGIKKPHR,0,1.936423e-12
407,IDYRKCQASQILKEHGMDKVIPLPELVCTMFHISGLSPQAEV,0,2.1576932e-06
408,GTKRVVVVGGGFGGASTAKYLRKLDPSISVTLVEPKTAFVTCPFSNAV,0,1.639448e-08
409,SYIITTPRMWVAGSPAQVRTYVMPYGCGEQNMVNFAPN,0,1.37659545e-05
410,ASFSVVGDIMGTSMQNLHQLLQMPFGCGEQNM,0,2.2538394e-05
411,SKMKKCEFAKIAKEQHMDGYHGVSLADWVCLVNNESDFNTKAINRNKGI,0,0.14542595
412,ALRAAAVAGSPQQLLPLGQRERKAGCKNFFWKTFSSC,0,1.2892731e-10
413,MGKKSKATKKRLAKLDNQNSRVPAWVMLKTDREVQRNHKRRHWRRNDTDE,0,1.4611584e-13
414,SIEIEIDGVTVTTEESRTLVDVAAEAGVYIPTL,0,2.3586863e-11
415,STKLVIDPVTRIEGHGKVTVHLDDNNNVVDAHLHVVEF,0,2.6753007e-12
416,ENFSGGCVAGYMRTPDGRCKPTFYQ,0,0.99376714
417,MATAFLPSILADASFLSSIFVPVIGWVVPIATFSFLFLYIEGEDVA,0,3.7256808e-13
418,GGIAIYWGQNGNEGTLTQTCNTGKYSYVNIAFLNKFGNGQTPEINLA,0,5.6402406e-08
419,MGTTTMGVKLDDATRERIKSAASRID,0,7.916521e-09
420,MYRKSTLAMLIALLTSAASAHAQTDISTIEARLNALEKRLQ,0,5.8758303e-15
421,SFSVNPAVDILQHRYMEKVAQNNRNFLNRV,0,8.0704887e-13
422,MAMRQCAIYGKGGIGKSTTTQNLVAALAEMNKKVMI,0,6.8962176e-11
423,MADNTDLSFTGLTDEQAQELHSVYMSGLFLFAAVAVVAHLATYIWRPWFG,0,5.0169595e-14
424,MQWTKPAFTDLRIGFEVTMYFEAR,0,9.770099e-09
425,MLNIFSLVCICINSALYSSSFFLGKLPEAYAFLNPIVDFMPVIPLL,0,1.5924745e-13
426,SCNTATCVTHRLAGLLSRSGGMVKSNFVPTDVGSEAF,0,3.9665867e-13
427,AMDKSAKAPQITIFDHRGCSRAPKSETGGTATKDDQMMVKVSQV,0,2.8148053e-11
428,GWTLNSAGYLLGPHAIDNHRSFHDKHGLA,0,3.4778417e-08
429,RTTEAFSTGNRYKEVDRDRQAGVIRSAEHAFSKDGGLAVLFGNIAE,0,5.2387946e-08
430,APAPSGGGSAPLAKIYPRGSHWAVGHLM,0,4.320988e-06
431,MTPPENKNLVQENKELIQEVLKA,0,9.384305e-11
432,FRLDEEFQGPIASQVRRQFLFRPRN,0,2.8508438e-07
433,MYKLWLLFDPRRALVALSAFLFVLALIIHFIALSTDRFNWLEGKPAVKAA,0,1.2601795e-12
434,MTTFLGNPVTFTGSQLQVGDTAHDFSLTTPNLEKKSLADFAGKKKVLSVI,0,2.721249e-15
435,IMRDPRFDNIPLILETVNPDIWAEEIAWLKSQAEI,0,3.294886e-11
436,SPAPPACDPRLLNKLLRDDHVLHGRL,0,5.0750384e-07
437,MADSNCGCGSSCKCGDSCSCEKNYNKECDNCSCGSNCSCGSNCNC,0,3.4540326e-14
438,LADDMPATMADQEVYRPEPEQIDSRNKYFSPRL,0,0.0051344787
439,FSPNSPSDVARCLNGALDVGCGTFACLENSTCDTDGMHDI,0,2.4317703e-07
440,ATGWSAFFIDGKWTEAKK,0,0.084805615
441,QGVRNHVTCRIYGGFCVPIRCPGRTRQIGTCFGRPVKCCRRW,0,3.7383098e-16
442,NWSSLIFSLNLQRRILPKPTRKSRIKNKQKRPRSRTLTAVHDAI,0,7.928328e-15
443,MSSFDYLKSAIKQKGCTLDEVAEPSGMTKGYLSQLLNRKIKARARRS,0,2.5140438e-18
444,VEAEHMCMTMRGVKKPGAKTVTSAVRGTFANVAAARAEVLSFIKND,0,1.0
445,MKHSDNLRSVRSEYADADGSRCVYLTFDDGPNPLCTPPDI,0,0.0008636226
446,MIFDFNYIHIFMLTITSYVGLLIGALVFTLGIYLGLLKVVKLI,0,5.9263996e-19
447,MNIELALTLVSLVLVVSAGPLVVVLLSARGGNL,0,1.7655445e-10
448,MRIVLVGPPGAGKGTQAAYLAQNLSIPHIATGDLFR,0,2.5448667e-11
449,SDIGGSMDYDVVIVGAGGAGLSAAILKQVNP,0,2.0170088e-09
450,MKIIGLIGGIGSGKTTVAQLFVDEGFPLVD,0,6.7904976e-10
451,MADKADQSSYLIKFISTAPVAATIWLTITAGILIEFNRFFPDLLFHPLP,0,3.3095453e-13
452,SEKITVFQKNFQVTENSSHFV,0,0.01645097
453,SALYALYDFSPPARKMRAYTVRAYVHGSYSRRGPWYDFEPVPGASMDGL,0,4.556781e-12
454,ELEALLITDNQIQARIDSHNKILYARHADQRNATFQK,0,1.0489025e-12
455,KSAVTRNYSEKKNERLWFKKNYDHAGNQRRIQKWNTQLK,0,3.1484404e-05
456,KNILTVEQPDSSSSDGIFYYDEASKRVQISALAL,0,5.2842648e-08
457,KRKFLDAALRYYSISQIEKKAYLPDKSTVLDRAMIEHNNLLSASK,0,9.833329e-16
458,LWTRDYAGVYEAIRGFDWSQDAK,0,0.0005553629
459,MASHHEITDHKHGEMDIRHQQATFAGFIKGATWVSILSIAVLVFLALANS,0,4.6652838e-17
460,MKIQIKGMKQLSNKEMQKIVGGKSSAYSLQMGATAIKQVKKLFKKWGW,0,1.180229e-05
461,KKVCACPKILKPVCGSDGRTYANSCIARCNGVSIKSEGSCPTGILN,0,0.99986243
462,GSGVSNGGTEMIQLSHIRERQRYWAQDNLRRRFLEK,0,2.7496467e-08
463,MGGKGGKGGKGLGKVGAKKRHSRRVIRENIQGITKPAIRRLARRGGVK,0,1.7137834e-16
464,MSDIEQRIKQAVAEQLGMRAEEIKNE,0,1.2679401e-09
465,YRGGYTGPIPRPPPIGRPPLRLVVCACYRLSVSDARNCCIKFGSCCHLVK,0,1.0
466,MNQKHLLRFIKKSYQVDADRVVYSTK,0,6.7585426e-10
467,ADSLTQFDGIKGRYSHEAFYEEKACDSCHLNK,0,3.645412e-06
468,DTDILAAFRVTPQPGVPPEEAGAADVTLGFVDLLRWSPELAAACEIWK,0,1.186198e-08
469,AASGASIFSAKCAQCHLGGKNIINPTKTLSLADLQANGKDTVSAI,0,1.497897e-08
470,SDVLELTDDNFESRVSDTGSAGLVEFFAPDATANDVPSP,0,3.9512837e-05
471,MPCSCKKYCDPWEVIDGSCGLFNSKYICCREK,0,3.368271e-06
472,VIGGTNASPGEIPWQLSQQRQSGSW,0,1.8969562e-05
473,TGTGPSLSIVNPLDVLRQRLLLEIARRRMRQTQNMIQANRDFLESI,0,4.7804977e-15
474,DFKDWMKTAGEWLKKKGPGILKAAMAAAT,0,1.7666547e-08
475,GILSLFTGGIKALGKTLFKMAGKAGAEHLACKATNQC,0,1.8215587e-05
476,GFSSIFRGVAKFASKGLGKDLARLGVNLVACKISKQC,0,7.3644983e-09
477,NLMQFELLIMKVAGRSGIVWYSDY,0,0.9999999
478,SETETKAASIEAETVLQFPVSFKFNRPEGRPTALFAEVKFSHYDH,0,1.8172364e-07
479,MLHLIGFDKLYSYNMVKLALLEKGVPFTEV,0,1.4120687e-09
480,TSYGNGVHCNKSKCWIDVSELETYKAGTVSNPKDILW,0,0.99999285
481,ANTAFVSSAHNTQKIPAGAPFNRNLRAMLADLRQNAAFAG,0,4.595607e-11
482,GINTLKKVIQGLHEVIKLVSNHE,0,2.289875e-06
483,GKVWDWIKSAAKKIWSSEPVSQLKGQVLNAAKNYVAEKIGATPT,0,8.478813e-09
484,GKIPIGAIKKAGKAIGKGLRAVNIASTAHDVYTFFKPKKRH,0,0.93450546
485,RIIEPIAGGPFIVMTWNYPGTIGIIAVDANGHIAVGTSTN,0,1.5035406e-09
486,KDALVYGQMNEPPGARMRVGLKDGSITSIQAV,0,5.646397e-08
487,KEICFPRLGCFSDDAPWAGIAQRPL,0,0.99997413
488,CIKNGNGCQPNGSQGNCCSGYCHKQPGWVAGYCRRK,0,3.8194342e-13
489,VTCDLLSFEAKGFAANHSICAAHCLVIGRKGGACQNGVCVCRN,0,6.1737873e-15
490,LAKTNFPLNFPIHVRDAGVQWSPLGRLTTGADVRHEIPARVGHRLARWA,0,8.851513e-10
491,PVAPEYLFKKEEDKGANKEEEEVAPELGIRA,0,0.9972383
492,GVQISQISSFPTTADVSYDFNITNALGGIQPVGSLK,0,4.3992164e-11
493,SALAINQPNYSVLKELGLNED,0,3.9808538e-07
494,MVKTVAVMVGSLRKDSLAHKLMKVLQK,0,3.1718324e-09
495,KVFEILDMDRSFIEEELKLFALSSAETAAFLKIGVEEFQALVK,0,2.6909427e-14
496,AIFVDLEPTVIDEVRSLDIERPTYTNLNRFDGAINVDVTEFQTNLVPYPR,0,8.636945e-09
497,GLWSTIKQKGKEAAIAAAKAAGQAVLNSASEAL,0,3.023279e-08
498,GDPTFCGETCRVIPVCTYSAALGCTCDDRSDGLCKRN,0,0.94822747
499,EDKCSPSGAICSGFGPPEQCCSGACVPHPILRIFVCQ,0,0.59847486
500,DICTNCCAGTKGCNTTSANGAFICEGQSDPKKPKACPLNCDPHIAYA,0,1.0
501,DDTPSSRCGSGGWGPCLPIVDLLCIVHVTVGCSGGFGCCRIG,0,1.0
502,LFCRKGTCHFGGCPAHLVKVGSCFGFRACCKWPWDV,0,1.645188e-14
503,APGNKAECEREKGYCGFLKCSFPFVVSGKCSRFFFCCKNIW,0,5.784463e-17
504,IPRPLDPCIAQNGRCFTGICRYPYFWIGTCRNGKSCCRRR,0,9.395951e-14
505,DNVPWGLARISHRTTGATSYVYDDSAGEGTCSYIIDTGIY,0,3.0638853e-06
506,EIRLPEPFRFPSPTVPKPIDIDPILPHPWSPRQTYPIIARRS,0,3.8882417e-09
507,DDNGKPYVLPSVRTCGFDFTGAVEDISK,0,0.9936765
508,RELLMGIFEKNGTGKTAAFVIPLLQK,0,0.000108656575
509,GKSSSRPLGDATLGDLDFDIEVTQDYWDDLAR,0,1.6435126e-07
510,SDQGDVAEPKMHKTAPPFDFEAIPEEYLDDES,0,0.69104856
511,DINGGGATLPQKLYQTSGVLT,0,0.00012990888
512,IDAFQDTLYTHTLRTYLGRPWK,0,1.0821946e-05
513,GSNGEPGSAGPPGPAGLRGLPGESGAVGPAGPPGSR,0,9.670248e-12
514,DAPASPLADIEKHAAEFQKTISEQFNSLVNSKNTQ,0,1.3898696e-08
515,QQCAERGQSCNPYEGIECCGDILCIQPRIWPPVPGRCA,0,0.9891766
516,GVQRYTFDAVVSQQDTILSGLDLDCGSYLGYTSPLQGLTAFVPTS,0,7.727149e-09
517,ASAAGAVRAGDDETLLKPVLNSLDNLVSGL,0,1.0758384e-09
518,GRSLVFPEETANSFVELFPAKELSL,0,2.018038e-05
519,SEKPQQELEECQNVCRMKRWSTEMVHRCEKKCEEKFERQQR,0,0.9999578
520,KFCEKPSGTWSGVCGNSGACKDQCIRLEGAKHGSCNYKPPAHRCICYYEC,0,2.4918443e-26
521,VVSHFNQCPDSHTQFCFHGTCRFLVQEDKPACVCHSGYVGARCEHADLLA,0,1.7866522e-18
522,MADAAVHGHGDHHDTRGFFTRWFMS,0,0.00031373248
523,MTPQGNKPSSHDVITGRWTPSDADRAAGRVSGFGVITNIINGGLDC,0,4.5496423e-12
524,MAARAVFLALSAQLLQARLMKEESPVVSWRLEPEDGTALCFIF,0,9.460744e-10
525,MSYKCSRCKRDVELEEYGGVRCPFCGHRVLLKERAPEIKEVPVE,0,1.3356758e-13
526,MPCLYICGECGAEHEIKPKEPVKCKDCTHRIMYKKRTDKMIQFEAR,0,4.3913985e-13
527,MESIMSLKRKEKKSQSRRLGKYLKEQKGRIYIIRRCVMMLLCSHD,0,1.1493718e-11
528,MFTNSIKNLIIYLMPLMVTLMLLSVSFVDAGKKPSGPNPGGNN,0,8.3315705e-08
529,SSANPQITRKRHKINSFVGLM,0,1.6291746e-06
530,MKIGIIGAMEEEVTLLRDKIENRQTITIGGSEIYT,0,5.162473e-09
531,LGNVLVCVLAHHFGKEFTPQVQAAYQKVVAGVANALAHKYH,0,1.8775026e-14
532,DLHIPPPDNKINWPQLSGGGGGSPKTGYDININAQQK,0,2.842249e-07
533,PSRLLLQPSPQRADPRCWPRGFWSEPQSLCYVFGTGTKVTVL,0,4.929424e-06
534,MRPMSRRSLDWTYSLLLLAIVLLSWGFVIYASTVAARRQLQKEFPDKFF,0,6.1475606e-15
535,KRGFLDVIKHVGKAVGKAALNAVNDMVNKPEQQS,0,6.856769e-10
536,MGCCGCGGCGGRCSGGCGGGCGGGCGGGCGGGCGGCGGGCGSYTTCR,0,0.050662987
537,MHVSTFQALMLMLAFGSFIIALLTYIKKK,0,6.007421e-11
538,MTVAIDYFLLVGFCFAVTSGLWIGLKSIKLI,0,5.061533e-12
539,MELIKQIFPFANSEIITAAVVCFSMTLFGLSLGFGLLKVQGE,0,1.1069943e-11
540,MINWQVLGQLIATGTIMLAGPAVIVLLALKKGNL,0,2.4267354e-08
541,MTTISSFPSIFVPLVGLVFPAIAMASLSLYVQKTKIF,0,5.881961e-12
542,MITDVQLAIFSNVLGVFLFLLVVAYHYINANTGKPSAKAK,0,3.927172e-12
543,MLALKISVYTIVFFFVGIFLFGFLASDPTRTPNRKDLESPQD,0,6.899619e-13
544,METTNFGFVASLLFVGVPTIFLIGLFISTQDGEKSSFYSDSSKGRLGPKR,0,2.5239406e-11
545,MQTLSSAPDPAVSVAVTILAVLLALTGFGLWTAFGPKATKLTDPWDDHDD,0,2.2183739e-14
546,MIFTLGWASLAAIFTFSIAMVVWGRNGDGSIDL,0,2.6327986e-09
547,MAQKKASLACVECGSRNYSIGVSSTPKPTRLEVNKFCKYCKTYTLHKETR,0,2.4894735e-15
548,MRVNITLEHKESGERLYLTSKNKRNTPDRLQLKKYSPKLRKHVTFTEVK,0,1.865803e-15
549,MAVPKRRKSRSNTRHRRSQWKAAAPDLVPIVVDGERRLVPRPLVRYFQQG,0,1.1717848e-10
550,MNVSSRTVVLINFFAAVGLFTLISMRFGWFI,0,9.3083324e-10
551,MVSSITQAEIFIALVVAAHAGVLAVRLCVSLYRA,0,1.9357252e-12
552,MPRDGFTLFCTDCKMENYISKKNKKNTPEKVELKKFCAKCNASTLHKEKK,0,7.564622e-13
553,MAILISYFCFLLIFFLFTLILFFGLNKIRLI,0,4.847537e-14
554,MGNPKKNSKDFVPNHIGTQSKKAGGNKGKQMQDTTGKQPIVDNG,0,6.4320772e-15
555,MKKFRWAILLAVLVACLLLWMQTLNVMCDQDVQFFSGICTINKFIPW,0,0.53888726
556,MVRNKAKGFPNQNNNKFEGEPRAKDDYASKRADGSINSHPQERMRASGRR,0,8.190352e-11
557,MGINKKDGQPQYAPSHLGTKPVKYKRNKGEKFHDKSNGHPIVMQTKGE,0,4.917599e-09
558,MAVPKRRVSHTRSAKRRTHYKITLKKPVKDSDGSWKMPHMVNPNTGEYKN,0,9.365395e-13
559,MGKRKANHIISGMNAASAQGQGTGYNEEFANEPLTPAERQNNKKRKKNQ,0,4.706309e-16
560,MTAESMLFNGAIVAIVLVLVGLAWGFLLLKIQGGEAE,0,1.359783e-08
561,MKWAAPIVSEICVGMEVTSYESAEIDTFN,0,3.1377356e-11
562,MALLDLQAMDTPAEDSFGELATGSQVSLLVCEYSSLSVVLCTP,0,8.417633e-16
563,MGIDLHLIANFAALALITLAGPAVIFILFYRRGAL,0,7.7457624e-11
564,MDFITGFFGSLNFEVIFQLTFVSLILISGPVVIFLLAIRGGDM,0,1.6807594e-10
